diagonal,height_left,height_right,margin_low,margin_up,length,actual,predicted,genuine_probability,correct
171.87,103.27,104.5,3.85,3.03,113.19,Genuine,Genuine,0.9914,True
172.13,103.99,104.06,5.8,3.28,111.3,Fake,Fake,0.0,True
171.59,104.05,104.4,5.05,3.45,111.14,Fake,Fake,0.0,True
172.0,103.76,104.27,4.42,3.29,112.67,Genuine,Genuine,0.5699,True
172.19,104.03,104.25,4.17,2.81,112.94,Genuine,Genuine,0.9809,True
171.82,104.33,103.83,3.92,2.73,112.99,Genuine,Genuine,0.9944,True
172.07,103.61,104.34,4.34,2.85,113.03,Genuine,Genuine,0.9851,True
171.52,104.52,103.96,3.43,3.01,113.44,Genuine,Genuine,0.9943,True
172.15,104.18,103.53,3.92,3.3,113.42,Genuine,Genuine,0.9942,True
171.84,104.59,104.0,3.88,3.27,113.08,Genuine,Genuine,0.9448,True
171.98,104.33,104.28,4.86,3.45,111.55,Fake,Fake,0.0006,True
171.94,104.03,103.49,4.16,2.87,113.05,Genuine,Genuine,0.9968,True
171.76,104.04,104.12,6.29,3.2,112.87,Fake,Fake,0.0013,True
171.63,104.61,104.29,5.31,3.14,111.51,Fake,Fake,0.0005,True
172.3,104.21,104.46,3.69,3.12,113.28,Genuine,Genuine,0.9723,True
172.66,104.33,104.41,4.31,3.56,111.47,Fake,Fake,0.0061,True
172.31,104.29,103.72,3.98,2.87,112.4,Genuine,Genuine,0.9866,True
171.5,104.27,104.04,3.97,3.37,112.98,Genuine,Genuine,0.8923,True
171.91,104.23,104.14,3.59,3.11,113.42,Genuine,Genuine,0.9902,True
171.92,103.93,104.06,4.38,2.97,113.01,Genuine,Genuine,0.9727,True
171.47,104.15,103.82,4.63,3.37,112.07,Fake,Fake,0.0142,True
172.25,104.52,104.22,4.65,3.43,110.48,Fake,Fake,0.0,True
171.96,104.24,103.75,5.5,3.29,111.08,Fake,Fake,0.0,True
171.54,103.7,103.89,3.88,3.1,113.06,Genuine,Genuine,0.9922,True
171.4,104.38,104.19,4.31,3.17,112.39,Fake,Fake,0.363,True
171.8,103.78,103.65,3.73,3.12,113.63,Genuine,Genuine,0.9985,True
171.95,104.11,103.87,4.2,2.81,113.52,Genuine,Genuine,0.9958,True
171.62,104.14,104.45,4.94,3.66,111.93,Fake,Fake,0.0003,True
171.84,103.75,103.38,4.08,2.7,113.72,Genuine,Genuine,0.9998,True
171.91,104.2,103.57,4.53,3.52,111.14,Fake,Fake,0.0004,True
171.9,104.33,104.4,4.7,3.31,112.12,Fake,Fake,0.0214,True
172.16,103.76,103.72,4.18,3.02,113.43,Genuine,Genuine,0.9969,True
171.69,104.3,103.94,4.27,2.96,113.43,Genuine,Genuine,0.9838,True
171.54,103.75,103.62,4.59,2.85,113.44,Genuine,Genuine,0.9964,True
172.0,104.46,104.3,5.27,3.37,111.85,Fake,Fake,0.0007,True
172.47,103.66,103.92,3.59,3.08,113.45,Genuine,Genuine,0.9987,True
171.72,103.91,104.57,4.08,2.79,113.44,Genuine,Genuine,0.9829,True
171.6,104.22,104.11,4.25,3.29,113.4,Genuine,Genuine,0.9329,True
171.9,103.94,103.38,3.67,2.87,113.28,Genuine,Genuine,0.9995,True
171.26,104.22,104.07,4.78,3.81,112.88,Fake,Fake,0.0111,True
172.1,103.73,103.33,3.72,3.02,113.5,Genuine,Genuine,0.9996,True
172.02,104.36,103.64,4.12,2.82,113.38,Genuine,Genuine,0.9966,True
172.38,103.98,104.4,3.81,2.8,112.9,Genuine,Genuine,0.9885,True
172.37,104.03,104.47,4.95,3.25,111.99,Fake,Fake,0.0091,True
171.71,103.83,103.51,3.8,3.02,113.01,Genuine,Genuine,0.9978,True
171.43,104.52,103.42,4.05,2.82,113.02,Genuine,Genuine,0.9951,True
171.81,103.76,103.61,4.31,3.08,112.74,Genuine,Genuine,0.9861,True
172.51,104.23,103.85,4.74,2.91,112.81,Genuine,Genuine,0.9548,True
172.04,104.37,104.09,4.81,3.5,111.25,Fake,Fake,0.0002,True
171.82,103.67,103.8,4.6,3.49,113.32,Genuine,Genuine,0.8594,True
171.88,103.84,103.87,4.18,3.54,113.31,Genuine,Genuine,0.9354,True
171.92,104.33,104.06,4.45,3.41,111.46,Fake,Fake,0.003,True
172.29,103.78,103.76,4.7,3.05,113.2,Genuine,Genuine,0.9854,True
171.9,103.46,104.22,3.99,3.0,113.08,Genuine,Genuine,0.9926,True
172.08,104.19,103.82,3.99,3.21,113.2,Genuine,Genuine,0.9846,True
171.9,104.21,104.21,4.77,3.38,113.2,Genuine,Fake,0.3654,False
171.38,103.78,103.7,5.22,3.43,111.6,Fake,Fake,0.0001,True
172.08,103.95,103.9,5.45,3.29,112.03,Fake,Fake,0.0009,True
172.05,104.29,103.8,4.94,3.27,111.33,Fake,Fake,0.0007,True
171.84,104.17,104.12,4.42,3.57,112.01,Fake,Fake,0.0093,True
171.92,104.29,104.27,5.76,3.13,111.37,Fake,Fake,0.0,True
172.11,103.33,103.8,4.55,2.91,113.17,Genuine,Genuine,0.997,True
171.96,104.19,104.14,4.3,3.04,113.48,Genuine,Genuine,0.9743,True
172.2,104.06,103.97,4.16,3.17,112.47,Genuine,Genuine,0.8988,True
172.45,103.85,103.89,4.03,3.03,113.24,Genuine,Genuine,0.9949,True
171.94,104.11,104.16,4.08,3.35,111.76,Genuine,Fake,0.0459,False
172.3,104.04,103.85,4.12,3.27,111.69,Fake,Fake,0.1907,True
172.39,104.16,103.92,5.66,3.39,111.83,Fake,Fake,0.0002,True
171.51,103.85,103.36,4.49,2.8,113.87,Genuine,Genuine,0.9991,True
172.47,104.16,103.85,3.99,3.32,111.25,Fake,Fake,0.0312,True
171.8,103.97,103.93,5.39,3.07,111.22,Fake,Fake,0.0001,True
172.37,104.41,103.75,3.71,2.8,113.41,Genuine,Genuine,0.9984,True
172.19,104.26,104.12,5.23,3.49,110.52,Fake,Fake,0.0,True
171.62,104.11,103.71,4.33,3.14,113.14,Genuine,Genuine,0.9777,True
172.13,104.33,103.69,4.75,3.08,110.75,Fake,Fake,0.0005,True
171.7,103.88,103.56,3.89,3.03,113.6,Genuine,Genuine,0.9984,True
172.15,103.74,103.92,4.64,3.35,113.19,Genuine,Genuine,0.8984,True
172.36,103.92,103.08,3.69,3.1,112.88,Genuine,Genuine,0.9992,True
172.05,103.78,103.81,4.17,3.08,113.35,Genuine,Genuine,0.994,True
172.35,103.73,102.95,4.49,3.37,112.49,Genuine,Genuine,0.9599,True
171.92,103.68,103.45,4.31,2.58,113.68,Genuine,Genuine,0.9998,True
171.92,103.9,104.58,5.56,3.5,110.59,Fake,Fake,0.0,True
172.2,103.52,103.78,3.66,3.4,113.35,Genuine,Genuine,0.9951,True
172.36,104.02,104.32,5.62,3.4,112.13,Fake,Fake,0.0005,True
171.45,104.21,104.18,4.55,3.52,113.21,Fake,Fake,0.2988,True
171.83,104.12,104.01,5.59,3.2,112.53,Fake,Fake,0.006,True
172.23,103.83,104.29,5.61,3.47,111.72,Fake,Fake,0.0,True
172.21,103.25,103.78,4.48,3.0,113.25,Genuine,Genuine,0.9975,True
171.97,103.55,104.2,4.21,3.12,113.2,Genuine,Genuine,0.9824,True
172.22,103.75,103.49,3.69,3.17,113.14,Genuine,Genuine,0.9984,True
172.2,104.31,104.4,4.6,3.42,111.92,Fake,Fake,0.0122,True
171.5,103.9,103.98,4.82,3.4,112.07,Fake,Fake,0.0037,True
171.27,104.14,103.78,3.91,2.69,112.81,Genuine,Genuine,0.9932,True
172.16,104.24,104.47,6.08,3.49,111.59,Fake,Fake,0.0,True
171.81,103.68,103.8,4.31,2.98,113.82,Genuine,Genuine,0.9975,True
171.85,104.12,103.69,4.86,3.5,111.55,Fake,Fake,0.0005,True
172.19,104.63,104.44,5.27,3.37,110.97,Fake,Fake,0.0,True
172.23,103.94,103.46,3.95,3.15,113.77,Genuine,Genuine,0.9987,True
171.93,103.88,104.35,4.26,3.29,112.7,Genuine,Genuine,0.68,True
172.08,104.15,104.17,4.31,3.4,112.29,Fake,Fake,0.1369,True
171.89,104.32,103.94,5.64,3.3,111.56,Fake,Fake,0.0001,True
171.48,103.27,103.42,3.84,3.04,113.56,Genuine,Genuine,0.9997,True
172.22,103.59,103.81,3.47,3.34,113.23,Genuine,Genuine,0.9962,True
171.62,103.8,103.48,4.16,3.35,112.83,Genuine,Genuine,0.9714,True
172.11,103.67,103.43,4.19,2.98,113.09,Genuine,Genuine,0.9983,True
172.0,104.45,104.19,5.5,2.99,111.99,Fake,Fake,0.0044,True
171.83,103.97,104.0,3.72,3.13,113.83,Genuine,Genuine,0.9964,True
171.35,103.58,103.59,4.08,2.85,114.09,Genuine,Genuine,0.9996,True
172.03,104.6,104.0,4.36,3.26,112.08,Fake,Fake,0.1732,True
172.6,104.83,103.56,4.1,2.94,113.38,Genuine,Genuine,0.9944,True
171.63,104.55,103.81,6.56,3.1,111.87,Fake,Fake,0.0,True
171.9,103.97,104.36,5.59,3.61,112.05,Fake,Fake,0.0001,True
171.67,103.76,103.59,3.82,3.17,112.77,Genuine,Genuine,0.9918,True
171.86,104.21,103.74,4.43,2.9,113.65,Genuine,Genuine,0.9938,True
172.33,103.83,103.54,3.98,3.18,113.31,Genuine,Genuine,0.997,True
172.27,103.87,104.35,5.58,3.52,112.32,Fake,Fake,0.0005,True
171.98,104.16,103.76,4.08,2.94,113.08,Genuine,Genuine,0.992,True
171.74,103.72,103.52,3.94,2.77,113.09,Genuine,Genuine,0.9992,True
171.5,104.03,103.97,3.26,3.54,113.24,Genuine,Genuine,0.9746,True
172.09,104.05,104.26,4.1,2.95,113.68,Genuine,Genuine,0.9898,True
172.39,103.98,104.05,4.26,2.98,113.41,Genuine,Genuine,0.9895,True
172.2,104.45,104.02,4.81,3.58,111.2,Fake,Fake,0.0002,True
172.89,103.77,104.24,4.12,3.01,113.72,Genuine,Genuine,0.9951,True
171.6,103.55,103.74,3.79,2.86,112.82,Genuine,Genuine,0.9984,True
171.96,103.83,103.87,3.52,2.71,113.52,Genuine,Genuine,0.9996,True
171.75,103.63,102.97,4.46,2.77,113.22,Genuine,Genuine,0.9996,True
172.33,104.36,104.31,4.4,3.33,112.03,Fake,Fake,0.0894,True
171.82,103.77,103.79,4.36,2.77,113.79,Genuine,Genuine,0.9985,True
172.35,103.79,104.35,5.18,3.35,112.02,Fake,Fake,0.002,True
171.84,104.32,104.5,6.28,3.0,111.06,Fake,Fake,0.0,True
171.81,103.93,103.43,4.61,2.95,113.46,Genuine,Genuine,0.9957,True
171.54,104.64,103.06,3.54,3.09,112.82,Genuine,Genuine,0.9974,True
171.86,104.7,103.62,4.01,3.34,112.89,Genuine,Genuine,0.949,True
171.75,104.16,104.23,5.75,3.25,111.68,Fake,Fake,0.0001,True
172.04,103.82,103.79,4.07,3.2,114.13,Genuine,Genuine,0.9976,True
172.33,103.81,103.67,4.58,2.87,113.2,Genuine,Genuine,0.9952,True
172.25,104.08,103.59,4.52,3.01,113.46,Genuine,Genuine,0.9935,True
172.03,103.63,104.0,3.7,3.37,113.77,Genuine,Genuine,0.9952,True
171.87,103.99,104.11,3.66,3.15,113.35,Genuine,Genuine,0.9903,True
171.38,104.04,104.2,5.54,3.38,112.8,Fake,Fake,0.0043,True
171.87,104.26,103.99,4.87,3.6,110.48,Fake,Fake,0.0,True
172.31,104.05,103.51,4.43,2.86,113.18,Genuine,Genuine,0.9961,True
171.49,103.77,103.6,4.01,3.09,112.95,Genuine,Genuine,0.994,True
171.65,104.0,104.53,5.69,3.41,111.09,Fake,Fake,0.0,True
172.29,103.83,103.25,3.62,2.99,113.13,Genuine,Genuine,0.9996,True
172.18,104.02,103.54,4.17,3.49,113.64,Genuine,Genuine,0.9899,True
172.13,103.34,103.62,3.93,2.86,113.66,Genuine,Genuine,0.9998,True
172.24,103.95,103.52,4.33,2.88,113.48,Genuine,Genuine,0.998,True
172.18,104.53,104.14,5.97,3.18,111.11,Fake,Fake,0.0,True
171.75,104.12,104.1,3.85,3.24,113.3,Genuine,Genuine,0.9751,True
171.79,103.87,103.95,4.54,3.01,112.45,Genuine,Genuine,0.8543,True
172.07,103.97,103.84,4.05,3.12,113.18,Genuine,Genuine,0.9895,True
172.22,103.75,103.89,4.18,3.19,113.34,Genuine,Genuine,0.99,True
171.74,103.25,104.07,3.8,2.95,113.07,Genuine,Genuine,0.9979,True
171.65,103.58,104.21,3.91,3.3,113.42,Genuine,Genuine,0.9786,True
171.72,104.15,103.75,4.1,2.99,113.24,Genuine,Genuine,0.9916,True
171.68,104.27,104.07,4.08,3.34,113.57,Genuine,Genuine,0.9586,True
172.73,104.02,104.18,3.74,3.2,113.52,Genuine,Genuine,0.9917,True
171.87,103.87,104.27,4.44,2.94,112.95,Genuine,Genuine,0.9541,True
171.83,104.08,103.7,3.28,2.88,113.56,Genuine,Genuine,0.9995,True
172.17,104.49,103.76,4.31,2.93,111.21,Fake,Fake,0.0829,True
172.29,103.61,104.44,4.54,2.69,113.48,Genuine,Genuine,0.9925,True
171.92,103.86,104.3,4.96,3.13,111.29,Fake,Fake,0.0006,True
172.49,103.92,103.91,4.42,2.84,113.38,Genuine,Genuine,0.9947,True
172.15,103.63,103.93,4.33,3.04,113.36,Genuine,Genuine,0.9934,True
172.26,103.85,103.7,4.16,3.2,112.35,Genuine,Genuine,0.9392,True
171.6,103.85,103.91,4.31,2.56,113.27,Genuine,Genuine,0.9975,True
171.96,103.4,104.29,3.77,3.24,112.87,Genuine,Genuine,0.9713,True
171.42,103.87,104.51,5.07,3.3,110.22,Fake,Fake,0.0,True
171.89,104.23,104.52,4.6,3.15,110.94,Fake,Fake,0.0005,True
172.47,103.89,104.14,3.74,3.28,113.47,Genuine,Genuine,0.99,True
171.8,103.68,103.49,4.31,3.3,112.84,Genuine,Genuine,0.9754,True
172.49,103.69,103.79,3.81,2.77,113.09,Genuine,Genuine,0.9992,True
172.02,104.08,104.01,4.63,3.28,111.03,Fake,Fake,0.0005,True
171.56,103.97,103.96,4.12,3.32,113.43,Genuine,Genuine,0.972,True
171.8,103.26,102.82,4.31,2.95,113.22,Genuine,Genuine,0.9998,True
172.21,103.67,104.0,4.12,3.2,113.54,Genuine,Genuine,0.9921,True
172.19,104.05,103.81,3.9,3.22,113.52,Genuine,Genuine,0.9938,True
171.19,103.95,103.73,3.96,2.94,113.25,Genuine,Genuine,0.9957,True
171.91,104.28,103.86,5.48,3.37,113.13,Fake,Fake,0.049,True
171.71,104.22,103.72,4.35,3.29,113.51,Genuine,Genuine,0.9757,True
172.37,104.06,103.69,4.09,2.87,113.68,Genuine,Genuine,0.9985,True
171.74,104.43,103.09,4.23,3.15,113.19,Genuine,Genuine,0.9949,True
172.43,103.97,103.93,3.99,3.08,112.66,Genuine,Genuine,0.9806,True
172.04,103.94,103.76,3.81,3.24,113.41,Genuine,Genuine,0.9946,True
171.56,104.17,103.87,6.16,3.38,111.55,Fake,Fake,0.0,True
171.91,103.99,103.5,3.41,2.92,113.02,Genuine,Genuine,0.9991,True
171.19,104.18,104.01,4.82,3.18,111.73,Fake,Fake,0.0031,True
171.83,104.18,104.26,5.0,3.6,111.55,Fake,Fake,0.0001,True
172.12,103.64,103.65,4.23,3.18,112.67,Genuine,Genuine,0.981,True
172.39,104.08,103.76,3.85,2.95,113.23,Genuine,Genuine,0.997,True
172.26,104.09,103.56,3.53,2.99,113.1,Genuine,Genuine,0.9986,True
172.22,103.72,103.8,4.36,3.22,112.84,Genuine,Genuine,0.9662,True
172.14,103.91,103.65,4.19,3.23,113.54,Genuine,Genuine,0.9939,True
172.01,103.97,104.05,4.31,2.98,113.65,Genuine,Genuine,0.9904,True
171.91,104.26,104.62,5.86,3.44,110.68,Fake,Fake,0.0,True
171.96,104.18,104.04,4.57,2.86,113.58,Genuine,Genuine,0.9842,True
171.66,104.42,103.5,3.76,3.2,112.94,Genuine,Genuine,0.9894,True
172.1,104.42,103.6,4.18,2.89,113.32,Genuine,Genuine,0.995,True
171.99,104.44,103.88,4.04,2.89,113.01,Genuine,Genuine,0.9862,True
172.04,104.34,103.55,3.52,3.02,113.64,Genuine,Genuine,0.999,True
171.79,103.88,103.7,4.1,3.12,113.42,Genuine,Genuine,0.9943,True
171.98,104.18,103.59,5.44,3.39,112.07,Fake,Fake,0.001,True
171.42,103.47,103.82,4.35,3.05,112.7,Genuine,Genuine,0.9761,True
171.94,103.49,103.82,4.24,3.19,113.05,Genuine,Genuine,0.9879,True
172.33,104.46,103.79,4.08,2.94,113.39,Genuine,Genuine,0.9933,True
172.39,104.05,104.32,4.13,3.41,112.66,Fake,Genuine,0.5951,False
172.31,104.11,103.74,4.96,3.6,111.78,Fake,Fake,0.0009,True
171.78,103.93,103.93,5.88,3.19,111.07,Fake,Fake,0.0,True
172.44,104.11,104.25,4.53,3.18,113.41,Genuine,Genuine,0.9358,True
171.46,104.4,104.3,5.2,3.3,111.58,Fake,Fake,0.0003,True
172.24,103.8,104.36,4.18,2.99,113.81,Genuine,Genuine,0.9907,True
171.64,103.92,104.66,5.71,3.38,112.33,Fake,Fake,0.0003,True
172.09,103.61,103.9,4.58,3.26,112.88,Genuine,Genuine,0.9096,True
172.4,104.13,103.84,4.25,3.09,113.29,Genuine,Genuine,0.9876,True
171.43,104.14,103.95,5.34,3.14,111.76,Fake,Fake,0.0007,True
171.14,104.31,104.3,5.46,3.29,111.57,Fake,Fake,0.0001,True
172.44,103.96,103.86,4.02,3.09,112.81,Genuine,Genuine,0.9866,True
171.69,104.05,103.73,3.87,3.21,113.56,Genuine,Genuine,0.9943,True
172.01,103.97,104.4,5.52,3.31,111.18,Fake,Fake,0.0,True
172.13,104.09,104.16,5.45,3.38,111.79,Fake,Fake,0.0002,True
172.05,104.11,104.07,3.6,2.78,112.93,Genuine,Genuine,0.9955,True
171.36,104.15,103.76,3.44,3.31,112.76,Genuine,Genuine,0.9765,True
171.64,104.2,104.1,5.43,3.6,112.72,Fake,Fake,0.0024,True
171.73,103.92,103.74,4.43,2.78,112.98,Genuine,Genuine,0.992,True
171.56,104.29,104.19,5.23,3.63,112.94,Fake,Fake,0.0093,True
172.24,103.97,103.69,4.32,2.98,113.26,Genuine,Genuine,0.9939,True
171.76,104.01,103.68,4.07,2.75,112.81,Genuine,Genuine,0.9955,True
171.74,103.77,104.31,4.99,3.4,111.52,Fake,Fake,0.0002,True
171.91,104.17,103.62,4.01,2.89,112.73,Genuine,Genuine,0.9926,True
171.62,104.14,104.49,4.31,2.99,113.35,Genuine,Genuine,0.9272,True
171.71,104.31,104.1,4.54,3.12,113.11,Genuine,Genuine,0.8947,True
171.83,103.77,103.84,4.1,3.1,113.1,Genuine,Genuine,0.9904,True
171.74,104.4,104.39,4.87,3.06,112.0,Fake,Fake,0.0222,True
171.91,104.34,103.73,3.71,2.95,113.69,Genuine,Genuine,0.9981,True
171.99,104.14,104.15,6.48,3.42,112.16,Fake,Fake,0.0,True
171.78,104.31,103.82,6.19,3.25,111.14,Fake,Fake,0.0,True
172.36,104.09,103.75,3.98,2.93,112.7,Genuine,Genuine,0.9919,True
171.58,104.55,103.83,5.5,3.32,110.97,Fake,Fake,0.0,True
172.02,104.18,104.16,3.97,3.23,113.64,Genuine,Genuine,0.98,True
171.66,103.75,104.07,4.01,2.98,113.47,Genuine,Genuine,0.9942,True
171.57,104.29,104.28,5.12,3.68,110.98,Fake,Fake,0.0,True
171.54,104.27,104.01,4.63,3.05,113.09,Genuine,Genuine,0.9178,True
172.39,104.34,104.1,5.89,3.14,111.56,Fake,Fake,0.0001,True
171.36,103.72,104.76,4.17,2.88,113.14,Genuine,Genuine,0.9441,True
172.44,104.26,103.56,3.48,3.12,112.7,Genuine,Genuine,0.9958,True
171.28,104.2,103.89,4.29,3.06,112.56,Genuine,Genuine,0.8891,True
171.83,103.76,103.76,4.4,2.88,113.84,Genuine,Genuine,0.9979,True
171.91,103.7,104.41,6.34,3.5,113.05,Fake,Fake,0.0003,True
172.05,103.42,104.1,4.45,2.99,112.67,Genuine,Genuine,0.9699,True
172.28,103.63,103.97,3.79,2.94,112.9,Genuine,Genuine,0.997,True
171.66,104.12,103.94,4.44,3.19,113.25,Genuine,Genuine,0.9514,True
172.24,103.97,104.11,4.02,2.84,113.15,Genuine,Genuine,0.9929,True
172.14,103.74,103.52,4.56,2.83,113.43,Genuine,Genuine,0.9982,True
171.84,103.77,103.98,4.61,2.99,113.59,Genuine,Genuine,0.9874,True
172.1,104.22,103.99,5.26,3.24,111.94,Fake,Fake,0.0025,True
171.42,103.33,103.54,3.87,3.39,112.87,Genuine,Genuine,0.9891,True
172.0,103.65,103.83,2.98,2.76,113.17,Genuine,Genuine,0.9998,True
172.53,104.29,103.87,4.17,2.98,112.64,Genuine,Genuine,0.9749,True
171.92,103.83,103.76,4.31,3.23,113.29,Genuine,Genuine,0.9848,True
172.37,103.31,103.5,3.79,3.13,112.43,Genuine,Genuine,0.9969,True
172.58,104.03,103.9,3.79,2.92,113.57,Genuine,Genuine,0.9982,True
172.07,104.18,104.1,4.47,2.7,113.99,Genuine,Genuine,0.9954,True
171.56,103.92,103.5,4.41,2.66,113.55,Genuine,Genuine,0.9988,True
172.19,103.77,103.39,4.17,3.17,113.14,Genuine,Genuine,0.9966,True
172.25,104.22,103.62,3.96,3.15,112.74,Genuine,Genuine,0.9863,True
172.0,104.1,104.36,3.83,2.92,113.0,Genuine,Genuine,0.9775,True
171.85,104.52,104.05,6.21,3.43,111.96,Fake,Fake,0.0,True
171.34,104.26,104.06,3.77,3.2,113.91,Genuine,Genuine,0.9899,True
172.63,104.13,104.17,3.77,3.45,113.34,Genuine,Genuine,0.9677,True
172.27,104.39,104.5,5.09,3.11,112.51,Fake,Fake,0.1064,True
171.83,104.42,104.03,6.0,2.95,112.98,Fake,Fake,0.0219,True
172.01,104.11,103.13,4.53,2.96,113.45,Genuine,Genuine,0.998,True
172.47,103.92,103.67,4.0,3.25,112.85,Genuine,Genuine,0.9862,True
171.86,104.15,103.5,4.31,2.92,113.87,Genuine,Genuine,0.9982,True
171.52,104.18,103.99,5.93,3.26,110.87,Fake,Fake,0.0,True
171.69,103.91,103.26,4.04,3.22,113.56,Genuine,Genuine,0.998,True
172.1,103.61,103.79,4.86,3.14,112.89,Genuine,Genuine,0.9214,True
171.97,104.19,104.05,4.79,3.18,111.46,Fake,Fake,0.0025,True
171.52,103.92,103.66,3.81,3.15,113.54,Genuine,Genuine,0.9967,True
172.4,104.19,103.98,4.08,2.93,113.44,Genuine,Genuine,0.9934,True
171.69,104.09,104.49,5.28,3.51,112.68,Fake,Fake,0.004,True
171.79,103.74,103.48,4.6,2.8,113.35,Genuine,Genuine,0.9978,True
172.48,104.41,104.47,4.81,3.62,111.31,Fake,Fake,0.0002,True
171.35,103.7,103.43,3.71,3.22,113.28,Genuine,Genuine,0.9981,True
172.23,103.87,104.05,3.9,3.09,113.38,Genuine,Genuine,0.9927,True
171.8,104.28,104.06,4.47,3.29,113.93,Genuine,Genuine,0.96,True
171.34,104.43,104.28,4.7,3.39,111.01,Fake,Fake,0.0001,True
171.62,104.32,104.76,4.92,3.41,112.4,Fake,Fake,0.0086,True
172.0,103.83,103.82,4.64,3.32,113.0,Genuine,Genuine,0.8467,True
172.25,104.21,103.98,5.71,3.5,111.88,Fake,Fake,0.0001,True
172.47,104.27,104.1,4.88,3.33,110.68,Fake,Fake,0.0001,True
172.3,104.12,103.89,3.55,2.93,113.68,Genuine,Genuine,0.9988,True
171.95,103.35,103.76,3.85,3.29,113.07,Genuine,Genuine,0.9938,True
172.31,104.31,104.72,4.86,3.41,112.06,Fake,Fake,0.0077,True
172.14,104.39,104.1,4.44,3.34,111.86,Fake,Fake,0.0335,True
171.9,103.81,103.8,4.15,3.01,112.82,Genuine,Genuine,0.9896,True
171.46,103.83,103.95,4.21,3.15,113.59,Genuine,Genuine,0.9874,True
171.66,104.17,104.02,4.71,3.22,110.91,Fake,Fake,0.0002,True
172.34,104.14,104.06,4.11,3.01,113.78,Genuine,Genuine,0.9936,True
